Provinsi,Tahun,Umur,Persentase
Aceh,2012,25+,37.49
Aceh,2013,25+,40.74
Aceh,2014,25+,43.54
Aceh,2015,25+,46
Aceh,2016,25+,48.18
Aceh,2017,25+,48.16
Aceh,2018,25+,52.56
Aceh,2019,25+,54.89
Aceh,2020,25+,55.3
Aceh,2021,25+,54.28
Sumatera Utara,2012,25+,30.94
Sumatera Utara,2013,25+,33.1
Sumatera Utara,2014,25+,33
Sumatera Utara,2015,25+,37.01
Sumatera Utara,2016,25+,38.92
Sumatera Utara,2017,25+,41.59
Sumatera Utara,2018,25+,46.57
Sumatera Utara,2019,25+,50.06
Sumatera Utara,2020,25+,51.22
Sumatera Utara,2021,25+,51.65
Sumatera Barat,2012,25+,34.91
Sumatera Barat,2013,25+,36.28
Sumatera Barat,2014,25+,38.64
Sumatera Barat,2015,25+,40.18
Sumatera Barat,2016,25+,43.95
Sumatera Barat,2017,25+,45.06
Sumatera Barat,2018,25+,50.36
Sumatera Barat,2019,25+,51.39
Sumatera Barat,2020,25+,53.82
Sumatera Barat,2021,25+,52.89
Riau,2012,25+,39.04
Riau,2013,25+,42.31
Riau,2014,25+,43.65
Riau,2015,25+,43.94
Riau,2016,25+,47.58
Riau,2017,25+,48.15
Riau,2018,25+,52.98
Riau,2019,25+,53.53
Riau,2020,25+,55.55
Riau,2021,25+,53.59
Jambi,2012,25+,38.86
Jambi,2013,25+,40.76
Jambi,2014,25+,43.93
Jambi,2015,25+,42.67
Jambi,2016,25+,44.86
Jambi,2017,25+,45.03
Jambi,2018,25+,50.47
Jambi,2019,25+,50.82
Jambi,2020,25+,53.25
Jambi,2021,25+,54.59
Sumatera Selatan,2012,25+,31.31
Sumatera Selatan,2013,25+,34.77
Sumatera Selatan,2014,25+,38.51
Sumatera Selatan,2015,25+,40.35
Sumatera Selatan,2016,25+,44.03
Sumatera Selatan,2017,25+,44.48
Sumatera Selatan,2018,25+,48.52
Sumatera Selatan,2019,25+,50.5
Sumatera Selatan,2020,25+,51.85
Sumatera Selatan,2021,25+,50.23
Bengkulu,2012,25+,36.53
Bengkulu,2013,25+,38.78
Bengkulu,2014,25+,42.02
Bengkulu,2015,25+,40.71
Bengkulu,2016,25+,45.16
Bengkulu,2017,25+,45.3
Bengkulu,2018,25+,51.39
Bengkulu,2019,25+,52.59
Bengkulu,2020,25+,52.9
Bengkulu,2021,25+,52.81
Lampung,2012,25+,32.47
Lampung,2013,25+,34.72
Lampung,2014,25+,36.17
Lampung,2015,25+,41.6
Lampung,2016,25+,41.76
Lampung,2017,25+,42.93
Lampung,2018,25+,47.96
Lampung,2019,25+,50.76
Lampung,2020,25+,52.31
Lampung,2021,25+,52.13
Kep. Bangka Belitung,2012,25+,39.47
Kep. Bangka Belitung,2013,25+,41.37
Kep. Bangka Belitung,2014,25+,44.34
Kep. Bangka Belitung,2015,25+,45.32
Kep. Bangka Belitung,2016,25+,47.2
Kep. Bangka Belitung,2017,25+,48
Kep. Bangka Belitung,2018,25+,51.53
Kep. Bangka Belitung,2019,25+,54.66
Kep. Bangka Belitung,2020,25+,54.87
Kep. Bangka Belitung,2021,25+,52.68
Kep. Riau,2012,25+,56.57
Kep. Riau,2013,25+,54.59
Kep. Riau,2014,25+,58.82
Kep. Riau,2015,25+,55.45
Kep. Riau,2016,25+,58.32
Kep. Riau,2017,25+,59.4
Kep. Riau,2018,25+,63.02
Kep. Riau,2019,25+,63.81
Kep. Riau,2020,25+,68.32
Kep. Riau,2021,25+,61.47
DKI Jakarta,2012,25+,47.61
DKI Jakarta,2013,25+,51.31
DKI Jakarta,2014,25+,54.37
DKI Jakarta,2015,25+,56.48
DKI Jakarta,2016,25+,60.17
DKI Jakarta,2017,25+,66.41
DKI Jakarta,2018,25+,68.67
DKI Jakarta,2019,25+,69.55
DKI Jakarta,2020,25+,69.53
DKI Jakarta,2021,25+,65.64
Jawa Barat,2012,25+,38.9
Jawa Barat,2013,25+,40.3
Jawa Barat,2014,25+,41.64
Jawa Barat,2015,25+,44.7
Jawa Barat,2016,25+,47.54
Jawa Barat,2017,25+,51.32
Jawa Barat,2018,25+,55.25
Jawa Barat,2019,25+,57.5
Jawa Barat,2020,25+,58.31
Jawa Barat,2021,25+,56.65
Jawa Tengah,2012,25+,33.73
Jawa Tengah,2013,25+,36.62
Jawa Tengah,2014,25+,37.28
Jawa Tengah,2015,25+,39.27
Jawa Tengah,2016,25+,42.04
Jawa Tengah,2017,25+,45.04
Jawa Tengah,2018,25+,50.56
Jawa Tengah,2019,25+,53.06
Jawa Tengah,2020,25+,55.22
Jawa Tengah,2021,25+,55.25
DI Yogyakarta,2012,25+,37.67
DI Yogyakarta,2013,25+,41.54
DI Yogyakarta,2014,25+,42.3
DI Yogyakarta,2015,25+,44.9
DI Yogyakarta,2016,25+,50.3
DI Yogyakarta,2017,25+,56.2
DI Yogyakarta,2018,25+,60.1
DI Yogyakarta,2019,25+,60.83
DI Yogyakarta,2020,25+,62.53
DI Yogyakarta,2021,25+,61.57
Jawa Timur,2012,25+,33.89
Jawa Timur,2013,25+,36.82
Jawa Timur,2014,25+,39.19
Jawa Timur,2015,25+,41.93
Jawa Timur,2016,25+,45.21
Jawa Timur,2017,25+,49.24
Jawa Timur,2018,25+,53.86
Jawa Timur,2019,25+,55.9
Jawa Timur,2020,25+,57.96
Jawa Timur,2021,25+,58.29
Banten,2012,25+,42.33
Banten,2013,25+,44.72
Banten,2014,25+,46.51
Banten,2015,25+,49.9
Banten,2016,25+,52.31
Banten,2017,25+,53.43
Banten,2018,25+,57.92
Banten,2019,25+,59.36
Banten,2020,25+,60.45
Banten,2021,25+,58.74
Bali,2012,25+,43.77
Bali,2013,25+,44.58
Bali,2014,25+,45.23
Bali,2015,25+,47
Bali,2016,25+,49.2
Bali,2017,25+,52.87
Bali,2018,25+,57.86
Bali,2019,25+,59.28
Bali,2020,25+,60.83
Bali,2021,25+,59
Nusa Tenggara Barat,2012,25+,40.43
Nusa Tenggara Barat,2013,25+,37.79
Nusa Tenggara Barat,2014,25+,38.44
Nusa Tenggara Barat,2015,25+,42.5
Nusa Tenggara Barat,2016,25+,43.58
Nusa Tenggara Barat,2017,25+,45.39
Nusa Tenggara Barat,2018,25+,46.32
Nusa Tenggara Barat,2019,25+,47.34
Nusa Tenggara Barat,2020,25+,48.6
Nusa Tenggara Barat,2021,25+,49.52
Nusa Tenggara Timur,2012,25+,47.59
Nusa Tenggara Timur,2013,25+,46.61
Nusa Tenggara Timur,2014,25+,48.85
Nusa Tenggara Timur,2015,25+,52.76
Nusa Tenggara Timur,2016,25+,52.33
Nusa Tenggara Timur,2017,25+,48.29
Nusa Tenggara Timur,2018,25+,50.87
Nusa Tenggara Timur,2019,25+,51.93
Nusa Tenggara Timur,2020,25+,51.52
Nusa Tenggara Timur,2021,25+,51.13
Kalimantan Barat,2012,25+,37.19
Kalimantan Barat,2013,25+,39.47
Kalimantan Barat,2014,25+,41.25
Kalimantan Barat,2015,25+,44.84
Kalimantan Barat,2016,25+,46.68
Kalimantan Barat,2017,25+,47.72
Kalimantan Barat,2018,25+,50.89
Kalimantan Barat,2019,25+,53.24
Kalimantan Barat,2020,25+,53.71
Kalimantan Barat,2021,25+,54.07
Kalimantan Tengah,2012,25+,42.33
Kalimantan Tengah,2013,25+,41.86
Kalimantan Tengah,2014,25+,44.82
Kalimantan Tengah,2015,25+,45.08
Kalimantan Tengah,2016,25+,48.69
Kalimantan Tengah,2017,25+,49.76
Kalimantan Tengah,2018,25+,53.21
Kalimantan Tengah,2019,25+,54.71
Kalimantan Tengah,2020,25+,57
Kalimantan Tengah,2021,25+,55.63
Kalimantan Selatan,2012,25+,38.08
Kalimantan Selatan,2013,25+,40.63
Kalimantan Selatan,2014,25+,39.84
Kalimantan Selatan,2015,25+,42.16
Kalimantan Selatan,2016,25+,44.96
Kalimantan Selatan,2017,25+,46.39
Kalimantan Selatan,2018,25+,52.45
Kalimantan Selatan,2019,25+,51.52
Kalimantan Selatan,2020,25+,53.06
Kalimantan Selatan,2021,25+,52.49
Kalimantan Timur,2012,25+,47.41
Kalimantan Timur,2013,25+,46.04
Kalimantan Timur,2014,25+,48.8
Kalimantan Timur,2015,25+,48.7
Kalimantan Timur,2016,25+,52.42
Kalimantan Timur,2017,25+,55.67
Kalimantan Timur,2018,25+,59.62
Kalimantan Timur,2019,25+,59.05
Kalimantan Timur,2020,25+,60.24
Kalimantan Timur,2021,25+,58.92
Kalimantan Utara,2012,25+,0
Kalimantan Utara,2013,25+,0
Kalimantan Utara,2014,25+,0
Kalimantan Utara,2015,25+,49.96
Kalimantan Utara,2016,25+,50.21
Kalimantan Utara,2017,25+,53.77
Kalimantan Utara,2018,25+,57.64
Kalimantan Utara,2019,25+,57.17
Kalimantan Utara,2020,25+,58.48
Kalimantan Utara,2021,25+,56.79
Sulawesi Utara,2012,25+,37.57
Sulawesi Utara,2013,25+,42.29
Sulawesi Utara,2014,25+,43.12
Sulawesi Utara,2015,25+,48.94
Sulawesi Utara,2016,25+,53.49
Sulawesi Utara,2017,25+,54.54
Sulawesi Utara,2018,25+,57.66
Sulawesi Utara,2019,25+,57.29
Sulawesi Utara,2020,25+,58.53
Sulawesi Utara,2021,25+,58.15
Sulawesi Tengah,2012,25+,41.31
Sulawesi Tengah,2013,25+,42.92
Sulawesi Tengah,2014,25+,45.63
Sulawesi Tengah,2015,25+,46.35
Sulawesi Tengah,2016,25+,45.2
Sulawesi Tengah,2017,25+,48.02
Sulawesi Tengah,2018,25+,52.58
Sulawesi Tengah,2019,25+,52.24
Sulawesi Tengah,2020,25+,52.8
Sulawesi Tengah,2021,25+,52
Sulawesi Selatan,2012,25+,37.18
Sulawesi Selatan,2013,25+,37.41
Sulawesi Selatan,2014,25+,38.53
Sulawesi Selatan,2015,25+,43.37
Sulawesi Selatan,2016,25+,45.77
Sulawesi Selatan,2017,25+,45.69
Sulawesi Selatan,2018,25+,48.67
Sulawesi Selatan,2019,25+,50.18
Sulawesi Selatan,2020,25+,51.56
Sulawesi Selatan,2021,25+,52.91
Sulawesi Tenggara,2012,25+,36.9
Sulawesi Tenggara,2013,25+,40.44
Sulawesi Tenggara,2014,25+,41.71
Sulawesi Tenggara,2015,25+,43.37
Sulawesi Tenggara,2016,25+,45.41
Sulawesi Tenggara,2017,25+,46.6
Sulawesi Tenggara,2018,25+,48.18
Sulawesi Tenggara,2019,25+,50.29
Sulawesi Tenggara,2020,25+,51.76
Sulawesi Tenggara,2021,25+,49.49
Gorontalo,2012,25+,36.89
Gorontalo,2013,25+,37.87
Gorontalo,2014,25+,37.91
Gorontalo,2015,25+,40.18
Gorontalo,2016,25+,40.96
Gorontalo,2017,25+,43.96
Gorontalo,2018,25+,46.19
Gorontalo,2019,25+,49.34
Gorontalo,2020,25+,51.21
Gorontalo,2021,25+,50.68
Sulawesi Barat,2012,25+,39.21
Sulawesi Barat,2013,25+,39.76
Sulawesi Barat,2014,25+,42.94
Sulawesi Barat,2015,25+,42.11
Sulawesi Barat,2016,25+,43.09
Sulawesi Barat,2017,25+,42.33
Sulawesi Barat,2018,25+,47.3
Sulawesi Barat,2019,25+,48.28
Sulawesi Barat,2020,25+,47.79
Sulawesi Barat,2021,25+,47.84
Maluku,2012,25+,36.6
Maluku,2013,25+,35.84
Maluku,2014,25+,42.89
Maluku,2015,25+,42.39
Maluku,2016,25+,49.31
Maluku,2017,25+,45.54
Maluku,2018,25+,52.59
Maluku,2019,25+,51.63
Maluku,2020,25+,52.31
Maluku,2021,25+,52.28
Maluku Utara,2012,25+,39.71
Maluku Utara,2013,25+,41.04
Maluku Utara,2014,25+,45.34
Maluku Utara,2015,25+,48.38
Maluku Utara,2016,25+,52.92
Maluku Utara,2017,25+,55.38
Maluku Utara,2018,25+,53.61
Maluku Utara,2019,25+,54.92
Maluku Utara,2020,25+,52.76
Maluku Utara,2021,25+,54.41
Papua Barat,2012,25+,49.23
Papua Barat,2013,25+,50.1
Papua Barat,2014,25+,50.03
Papua Barat,2015,25+,52.04
Papua Barat,2016,25+,55.15
Papua Barat,2017,25+,55.43
Papua Barat,2018,25+,58.4
Papua Barat,2019,25+,58.8
Papua Barat,2020,25+,59.56
Papua Barat,2021,25+,56.69
Papua,2012,25+,51.25
Papua,2013,25+,48.98
Papua,2014,25+,49.16
Papua,2015,25+,55.34
Papua,2016,25+,57.43
Papua,2017,25+,58.8
Papua,2018,25+,59.61
Papua,2019,25+,61.21
Papua,2020,25+,61.04
Papua,2021,25+,60.38
Indonesia,2012,25+,38.43
Indonesia,2013,25+,40.47
Indonesia,2014,25+,42.14
Indonesia,2015,25+,44.62
Indonesia,2016,25+,47.41
Indonesia,2017,25+,50.14
Indonesia,2018,25+,54.15
Indonesia,2019,25+,55.84
Indonesia,2020,25+,57.07
Indonesia,2021,25+,56.08
Aceh,2012,19-24,35.34
Aceh,2013,19-24,35.58
Aceh,2014,19-24,34.39
Aceh,2015,19-24,30.36
Aceh,2016,19-24,29.16
Aceh,2017,19-24,29
Aceh,2018,19-24,24.85
Aceh,2019,19-24,23.54
Aceh,2020,19-24,21.95
Aceh,2021,19-24,20.26
Sumatera Utara,2012,19-24,24.07
Sumatera Utara,2013,19-24,24.63
Sumatera Utara,2014,19-24,26.21
Sumatera Utara,2015,19-24,25.18
Sumatera Utara,2016,19-24,26.91
Sumatera Utara,2017,19-24,25.05
Sumatera Utara,2018,19-24,22.99
Sumatera Utara,2019,19-24,21.05
Sumatera Utara,2020,19-24,19.46
Sumatera Utara,2021,19-24,16.54
Sumatera Barat,2012,19-24,22.77
Sumatera Barat,2013,19-24,24.79
Sumatera Barat,2014,19-24,22.69
Sumatera Barat,2015,19-24,25.03
Sumatera Barat,2016,19-24,24.2
Sumatera Barat,2017,19-24,23.61
Sumatera Barat,2018,19-24,21.45
Sumatera Barat,2019,19-24,20.49
Sumatera Barat,2020,19-24,19.41
Sumatera Barat,2021,19-24,16.93
Riau,2012,19-24,22.39
Riau,2013,19-24,24.59
Riau,2014,19-24,24.43
Riau,2015,19-24,26.36
Riau,2016,19-24,23.48
Riau,2017,19-24,24.16
Riau,2018,19-24,20.82
Riau,2019,19-24,21.74
Riau,2020,19-24,18.6
Riau,2021,19-24,15.58
Jambi,2012,19-24,24.77
Jambi,2013,19-24,25.64
Jambi,2014,19-24,22.03
Jambi,2015,19-24,24.43
Jambi,2016,19-24,24.83
Jambi,2017,19-24,24.04
Jambi,2018,19-24,21.1
Jambi,2019,19-24,21.14
Jambi,2020,19-24,19.73
Jambi,2021,19-24,17.36
Sumatera Selatan,2012,19-24,26.9
Sumatera Selatan,2013,19-24,27.58
Sumatera Selatan,2014,19-24,24.68
Sumatera Selatan,2015,19-24,25.79
Sumatera Selatan,2016,19-24,25.13
Sumatera Selatan,2017,19-24,24.4
Sumatera Selatan,2018,19-24,22.52
Sumatera Selatan,2019,19-24,20.95
Sumatera Selatan,2020,19-24,18.73
Sumatera Selatan,2021,19-24,16.58
Bengkulu,2012,19-24,24.24
Bengkulu,2013,19-24,24.05
Bengkulu,2014,19-24,23.82
Bengkulu,2015,19-24,25.23
Bengkulu,2016,19-24,22.58
Bengkulu,2017,19-24,24.8
Bengkulu,2018,19-24,21.96
Bengkulu,2019,19-24,19.28
Bengkulu,2020,19-24,18.09
Bengkulu,2021,19-24,16.51
Lampung,2012,19-24,23.57
Lampung,2013,19-24,22.87
Lampung,2014,19-24,23.21
Lampung,2015,19-24,23.75
Lampung,2016,19-24,25.98
Lampung,2017,19-24,23.61
Lampung,2018,19-24,22.19
Lampung,2019,19-24,20.22
Lampung,2020,19-24,17.99
Lampung,2021,19-24,15.66
Kep. Bangka Belitung,2012,19-24,23.29
Kep. Bangka Belitung,2013,19-24,22.7
Kep. Bangka Belitung,2014,19-24,22.09
Kep. Bangka Belitung,2015,19-24,23.85
Kep. Bangka Belitung,2016,19-24,22.99
Kep. Bangka Belitung,2017,19-24,22.56
Kep. Bangka Belitung,2018,19-24,20.79
Kep. Bangka Belitung,2019,19-24,18.83
Kep. Bangka Belitung,2020,19-24,17.19
Kep. Bangka Belitung,2021,19-24,16.29
Kep. Riau,2012,19-24,17.77
Kep. Riau,2013,19-24,21.49
Kep. Riau,2014,19-24,17.25
Kep. Riau,2015,19-24,20.2
Kep. Riau,2016,19-24,19.04
Kep. Riau,2017,19-24,18.83
Kep. Riau,2018,19-24,16.17
Kep. Riau,2019,19-24,14.4
Kep. Riau,2020,19-24,11.79
Kep. Riau,2021,19-24,12.81
DKI Jakarta,2012,19-24,20.77
DKI Jakarta,2013,19-24,22.64
DKI Jakarta,2014,19-24,20.11
DKI Jakarta,2015,19-24,20.73
DKI Jakarta,2016,19-24,19.31
DKI Jakarta,2017,19-24,15.77
DKI Jakarta,2018,19-24,13.66
DKI Jakarta,2019,19-24,12.51
DKI Jakarta,2020,19-24,11.51
DKI Jakarta,2021,19-24,12.27
Jawa Barat,2012,19-24,20.82
Jawa Barat,2013,19-24,22.5
Jawa Barat,2014,19-24,22.79
Jawa Barat,2015,19-24,23.59
Jawa Barat,2016,19-24,23.89
Jawa Barat,2017,19-24,21.92
Jawa Barat,2018,19-24,19.91
Jawa Barat,2019,19-24,18.19
Jawa Barat,2020,19-24,16.82
Jawa Barat,2021,19-24,14.7
Jawa Tengah,2012,19-24,19.69
Jawa Tengah,2013,19-24,20.24
Jawa Tengah,2014,19-24,20.56
Jawa Tengah,2015,19-24,21.71
Jawa Tengah,2016,19-24,22.94
Jawa Tengah,2017,19-24,22.69
Jawa Tengah,2018,19-24,21.16
Jawa Tengah,2019,19-24,19.03
Jawa Tengah,2020,19-24,16.87
Jawa Tengah,2021,19-24,14.83
DI Yogyakarta,2012,19-24,27.41
DI Yogyakarta,2013,19-24,29.58
DI Yogyakarta,2014,19-24,29.12
DI Yogyakarta,2015,19-24,26.7
DI Yogyakarta,2016,19-24,25.85
DI Yogyakarta,2017,19-24,21.27
DI Yogyakarta,2018,19-24,17.91
DI Yogyakarta,2019,19-24,17.26
DI Yogyakarta,2020,19-24,14.68
DI Yogyakarta,2021,19-24,13.75
Jawa Timur,2012,19-24,20.3
Jawa Timur,2013,19-24,21.3
Jawa Timur,2014,19-24,21.3
Jawa Timur,2015,19-24,22.14
Jawa Timur,2016,19-24,23.23
Jawa Timur,2017,19-24,22.11
Jawa Timur,2018,19-24,20.04
Jawa Timur,2019,19-24,18.29
Jawa Timur,2020,19-24,16.57
Jawa Timur,2021,19-24,14.7
Banten,2012,19-24,22.05
Banten,2013,19-24,23.2
Banten,2014,19-24,22.62
Banten,2015,19-24,22.5
Banten,2016,19-24,22.51
Banten,2017,19-24,21.57
Banten,2018,19-24,18.99
Banten,2019,19-24,18
Banten,2020,19-24,16.98
Banten,2021,19-24,15.06
Bali,2012,19-24,21.87
Bali,2013,19-24,23.01
Bali,2014,19-24,22.77
Bali,2015,19-24,22.87
Bali,2016,19-24,21.89
Bali,2017,19-24,19.74
Bali,2018,19-24,18.4
Bali,2019,19-24,16.07
Bali,2020,19-24,14.69
Bali,2021,19-24,14.43
Nusa Tenggara Barat,2012,19-24,27.85
Nusa Tenggara Barat,2013,19-24,30.56
Nusa Tenggara Barat,2014,19-24,28.62
Nusa Tenggara Barat,2015,19-24,26.17
Nusa Tenggara Barat,2016,19-24,27.91
Nusa Tenggara Barat,2017,19-24,26.11
Nusa Tenggara Barat,2018,19-24,25.26
Nusa Tenggara Barat,2019,19-24,21.86
Nusa Tenggara Barat,2020,19-24,20.45
Nusa Tenggara Barat,2021,19-24,17.61
Nusa Tenggara Timur,2012,19-24,25.65
Nusa Tenggara Timur,2013,19-24,27.24
Nusa Tenggara Timur,2014,19-24,25.53
Nusa Tenggara Timur,2015,19-24,23.69
Nusa Tenggara Timur,2016,19-24,25.18
Nusa Tenggara Timur,2017,19-24,25.93
Nusa Tenggara Timur,2018,19-24,25.31
Nusa Tenggara Timur,2019,19-24,23.81
Nusa Tenggara Timur,2020,19-24,21.4
Nusa Tenggara Timur,2021,19-24,19.44
Kalimantan Barat,2012,19-24,21.78
Kalimantan Barat,2013,19-24,22.78
Kalimantan Barat,2014,19-24,23.92
Kalimantan Barat,2015,19-24,24.41
Kalimantan Barat,2016,19-24,24.33
Kalimantan Barat,2017,19-24,23.27
Kalimantan Barat,2018,19-24,21.83
Kalimantan Barat,2019,19-24,19.66
Kalimantan Barat,2020,19-24,18.4
Kalimantan Barat,2021,19-24,16.34
Kalimantan Tengah,2012,19-24,24.01
Kalimantan Tengah,2013,19-24,23.07
Kalimantan Tengah,2014,19-24,23.38
Kalimantan Tengah,2015,19-24,23.39
Kalimantan Tengah,2016,19-24,22.43
Kalimantan Tengah,2017,19-24,22.07
Kalimantan Tengah,2018,19-24,19.69
Kalimantan Tengah,2019,19-24,18.76
Kalimantan Tengah,2020,19-24,17.71
Kalimantan Tengah,2021,19-24,16.01
Kalimantan Selatan,2012,19-24,22.86
Kalimantan Selatan,2013,19-24,24.31
Kalimantan Selatan,2014,19-24,24.62
Kalimantan Selatan,2015,19-24,23.77
Kalimantan Selatan,2016,19-24,23.56
Kalimantan Selatan,2017,19-24,22.27
Kalimantan Selatan,2018,19-24,19.56
Kalimantan Selatan,2019,19-24,18.8
Kalimantan Selatan,2020,19-24,17.39
Kalimantan Selatan,2021,19-24,14.56
Kalimantan Timur,2012,19-24,20.9
Kalimantan Timur,2013,19-24,21.6
Kalimantan Timur,2014,19-24,19.53
Kalimantan Timur,2015,19-24,22.97
Kalimantan Timur,2016,19-24,21.8
Kalimantan Timur,2017,19-24,19.57
Kalimantan Timur,2018,19-24,18.07
Kalimantan Timur,2019,19-24,16.88
Kalimantan Timur,2020,19-24,15.5
Kalimantan Timur,2021,19-24,13.49
Kalimantan Utara,2012,19-24,0
Kalimantan Utara,2013,19-24,0
Kalimantan Utara,2014,19-24,0
Kalimantan Utara,2015,19-24,19.98
Kalimantan Utara,2016,19-24,22.63
Kalimantan Utara,2017,19-24,20.21
Kalimantan Utara,2018,19-24,18.81
Kalimantan Utara,2019,19-24,17.16
Kalimantan Utara,2020,19-24,14.56
Kalimantan Utara,2021,19-24,15.1
Sulawesi Utara,2012,19-24,25.23
Sulawesi Utara,2013,19-24,26.06
Sulawesi Utara,2014,19-24,25.5
Sulawesi Utara,2015,19-24,24.96
Sulawesi Utara,2016,19-24,21.74
Sulawesi Utara,2017,19-24,20.73
Sulawesi Utara,2018,19-24,19.12
Sulawesi Utara,2019,19-24,17.82
Sulawesi Utara,2020,19-24,16.52
Sulawesi Utara,2021,19-24,15.43
Sulawesi Tengah,2012,19-24,24.69
Sulawesi Tengah,2013,19-24,24.83
Sulawesi Tengah,2014,19-24,23.61
Sulawesi Tengah,2015,19-24,24.08
Sulawesi Tengah,2016,19-24,25.44
Sulawesi Tengah,2017,19-24,22.88
Sulawesi Tengah,2018,19-24,21.26
Sulawesi Tengah,2019,19-24,21.26
Sulawesi Tengah,2020,19-24,19.3
Sulawesi Tengah,2021,19-24,17.95
Sulawesi Selatan,2012,19-24,23.82
Sulawesi Selatan,2013,19-24,25.09
Sulawesi Selatan,2014,19-24,24.57
Sulawesi Selatan,2015,19-24,23.49
Sulawesi Selatan,2016,19-24,23.58
Sulawesi Selatan,2017,19-24,23.51
Sulawesi Selatan,2018,19-24,22.69
Sulawesi Selatan,2019,19-24,21.69
Sulawesi Selatan,2020,19-24,20.27
Sulawesi Selatan,2021,19-24,16.01
Sulawesi Tenggara,2012,19-24,30.03
Sulawesi Tenggara,2013,19-24,30.61
Sulawesi Tenggara,2014,19-24,28.01
Sulawesi Tenggara,2015,19-24,27.51
Sulawesi Tenggara,2016,19-24,25.2
Sulawesi Tenggara,2017,19-24,23.7
Sulawesi Tenggara,2018,19-24,23.44
Sulawesi Tenggara,2019,19-24,20.35
Sulawesi Tenggara,2020,19-24,19.23
Sulawesi Tenggara,2021,19-24,17.93
Gorontalo,2012,19-24,24.15
Gorontalo,2013,19-24,25.65
Gorontalo,2014,19-24,29.77
Gorontalo,2015,19-24,28.65
Gorontalo,2016,19-24,27.31
Gorontalo,2017,19-24,27.37
Gorontalo,2018,19-24,25.26
Gorontalo,2019,19-24,22.83
Gorontalo,2020,19-24,20.44
Gorontalo,2021,19-24,17.01
Sulawesi Barat,2012,19-24,25.9
Sulawesi Barat,2013,19-24,27.17
Sulawesi Barat,2014,19-24,26.37
Sulawesi Barat,2015,19-24,25.85
Sulawesi Barat,2016,19-24,27.9
Sulawesi Barat,2017,19-24,26.63
Sulawesi Barat,2018,19-24,25.64
Sulawesi Barat,2019,19-24,24.83
Sulawesi Barat,2020,19-24,22.67
Sulawesi Barat,2021,19-24,18.7
Maluku,2012,19-24,28.41
Maluku,2013,19-24,29.1
Maluku,2014,19-24,26.54
Maluku,2015,19-24,28.42
Maluku,2016,19-24,24.51
Maluku,2017,19-24,23.3
Maluku,2018,19-24,22.12
Maluku,2019,19-24,23.15
Maluku,2020,19-24,20.81
Maluku,2021,19-24,18.78
Maluku Utara,2012,19-24,30.51
Maluku Utara,2013,19-24,31.04
Maluku Utara,2014,19-24,28.44
Maluku Utara,2015,19-24,25.58
Maluku Utara,2016,19-24,25.05
Maluku Utara,2017,19-24,21.14
Maluku Utara,2018,19-24,21.59
Maluku Utara,2019,19-24,21.32
Maluku Utara,2020,19-24,20.4
Maluku Utara,2021,19-24,18.8
Papua Barat,2012,19-24,27.25
Papua Barat,2013,19-24,26.32
Papua Barat,2014,19-24,28.17
Papua Barat,2015,19-24,25.62
Papua Barat,2016,19-24,20.45
Papua Barat,2017,19-24,21.3
Papua Barat,2018,19-24,19.81
Papua Barat,2019,19-24,17.8
Papua Barat,2020,19-24,16.72
Papua Barat,2021,19-24,15.57
Papua,2012,19-24,25.47
Papua,2013,19-24,26.49
Papua,2014,19-24,27.9
Papua,2015,19-24,21.4
Papua,2016,19-24,21.5
Papua,2017,19-24,21.55
Papua,2018,19-24,20.42
Papua,2019,19-24,18.55
Papua,2020,19-24,18.77
Papua,2021,19-24,16.23
Indonesia,2012,19-24,22.01
Indonesia,2013,19-24,23.26
Indonesia,2014,19-24,22.83
Indonesia,2015,19-24,23.32
Indonesia,2016,19-24,23.45
Indonesia,2017,19-24,22.12
Indonesia,2018,19-24,20.23
Indonesia,2019,19-24,18.72
Indonesia,2020,19-24,17.13
Indonesia,2021,19-24,15.26
Aceh,2012,16-18,17.08
Aceh,2013,16-18,16.19
Aceh,2014,16-18,14.16
Aceh,2015,16-18,13.98
Aceh,2016,16-18,12.58
Aceh,2017,16-18,13.46
Aceh,2018,16-18,12.37
Aceh,2019,16-18,11.39
Aceh,2020,16-18,10.13
Aceh,2021,16-18,9.56
Sumatera Utara,2012,16-18,20.96
Sumatera Utara,2013,16-18,21.11
Sumatera Utara,2014,16-18,19.31
Sumatera Utara,2015,16-18,16.99
Sumatera Utara,2016,16-18,15.63
Sumatera Utara,2017,16-18,16.07
Sumatera Utara,2018,16-18,14.02
Sumatera Utara,2019,16-18,11.65
Sumatera Utara,2020,16-18,10.57
Sumatera Utara,2021,16-18,9.82
Sumatera Barat,2012,16-18,20.13
Sumatera Barat,2013,16-18,19.49
Sumatera Barat,2014,16-18,18.28
Sumatera Barat,2015,16-18,14.97
Sumatera Barat,2016,16-18,15.01
Sumatera Barat,2017,16-18,14.44
Sumatera Barat,2018,16-18,12.87
Sumatera Barat,2019,16-18,12.18
Sumatera Barat,2020,16-18,10.74
Sumatera Barat,2021,16-18,9.64
Riau,2012,16-18,18.09
Riau,2013,16-18,16.17
Riau,2014,16-18,15.37
Riau,2015,16-18,13.01
Riau,2016,16-18,13
Riau,2017,16-18,12.54
Riau,2018,16-18,11.49
Riau,2019,16-18,10.42
Riau,2020,16-18,9.12
Riau,2021,16-18,8.94
Jambi,2012,16-18,18.69
Jambi,2013,16-18,17.93
Jambi,2014,16-18,17.62
Jambi,2015,16-18,15.24
Jambi,2016,16-18,14.65
Jambi,2017,16-18,15.03
Jambi,2018,16-18,12.53
Jambi,2019,16-18,11.13
Jambi,2020,16-18,9.75
Jambi,2021,16-18,9.19
Sumatera Selatan,2012,16-18,19.25
Sumatera Selatan,2013,16-18,19.27
Sumatera Selatan,2014,16-18,18.33
Sumatera Selatan,2015,16-18,15.87
Sumatera Selatan,2016,16-18,14.43
Sumatera Selatan,2017,16-18,15.58
Sumatera Selatan,2018,16-18,12.72
Sumatera Selatan,2019,16-18,11.55
Sumatera Selatan,2020,16-18,10.75
Sumatera Selatan,2021,16-18,9.28
Bengkulu,2012,16-18,18.54
Bengkulu,2013,16-18,19.94
Bengkulu,2014,16-18,17.74
Bengkulu,2015,16-18,15.14
Bengkulu,2016,16-18,14.79
Bengkulu,2017,16-18,14.65
Bengkulu,2018,16-18,12.19
Bengkulu,2019,16-18,10.79
Bengkulu,2020,16-18,10.31
Bengkulu,2021,16-18,9.53
Lampung,2012,16-18,21.83
Lampung,2013,16-18,25.02
Lampung,2014,16-18,21.63
Lampung,2015,16-18,16.76
Lampung,2016,16-18,17.5
Lampung,2017,16-18,17.99
Lampung,2018,16-18,13.72
Lampung,2019,16-18,11.05
Lampung,2020,16-18,10.1
Lampung,2021,16-18,8.38
Kep. Bangka Belitung,2012,16-18,17.42
Kep. Bangka Belitung,2013,16-18,19.08
Kep. Bangka Belitung,2014,16-18,16.63
Kep. Bangka Belitung,2015,16-18,14.24
Kep. Bangka Belitung,2016,16-18,13.4
Kep. Bangka Belitung,2017,16-18,13.54
Kep. Bangka Belitung,2018,16-18,12.26
Kep. Bangka Belitung,2019,16-18,9.84
Kep. Bangka Belitung,2020,16-18,9.89
Kep. Bangka Belitung,2021,16-18,8.53
Kep. Riau,2012,16-18,10.55
Kep. Riau,2013,16-18,8.2
Kep. Riau,2014,16-18,8.38
Kep. Riau,2015,16-18,7.46
Kep. Riau,2016,16-18,8.06
Kep. Riau,2017,16-18,7.4
Kep. Riau,2018,16-18,7.69
Kep. Riau,2019,16-18,6.76
Kep. Riau,2020,16-18,6.67
Kep. Riau,2021,16-18,6.84
DKI Jakarta,2012,16-18,10
DKI Jakarta,2013,16-18,10.36
DKI Jakarta,2014,16-18,9.46
DKI Jakarta,2015,16-18,7.53
DKI Jakarta,2016,16-18,7.76
DKI Jakarta,2017,16-18,6.54
DKI Jakarta,2018,16-18,6.32
DKI Jakarta,2019,16-18,5.98
DKI Jakarta,2020,16-18,5.59
DKI Jakarta,2021,16-18,5.93
Jawa Barat,2012,16-18,17.3
Jawa Barat,2013,16-18,17.75
Jawa Barat,2014,16-18,16
Jawa Barat,2015,16-18,13.3
Jawa Barat,2016,16-18,12.79
Jawa Barat,2017,16-18,12.05
Jawa Barat,2018,16-18,10.68
Jawa Barat,2019,16-18,9.31
Jawa Barat,2020,16-18,8.38
Jawa Barat,2021,16-18,7.79
Jawa Tengah,2012,16-18,20.56
Jawa Tengah,2013,16-18,21.06
Jawa Tengah,2014,16-18,19.04
Jawa Tengah,2015,16-18,16.51
Jawa Tengah,2016,16-18,15.39
Jawa Tengah,2017,16-18,15.06
Jawa Tengah,2018,16-18,12.54
Jawa Tengah,2019,16-18,10.24
Jawa Tengah,2020,16-18,8.79
Jawa Tengah,2021,16-18,7.85
DI Yogyakarta,2012,16-18,16.14
DI Yogyakarta,2013,16-18,14.22
DI Yogyakarta,2014,16-18,12.58
DI Yogyakarta,2015,16-18,11.48
DI Yogyakarta,2016,16-18,10.23
DI Yogyakarta,2017,16-18,8.95
DI Yogyakarta,2018,16-18,8.23
DI Yogyakarta,2019,16-18,6.89
DI Yogyakarta,2020,16-18,6.34
DI Yogyakarta,2021,16-18,5.98
Jawa Timur,2012,16-18,19.63
Jawa Timur,2013,16-18,19.34
Jawa Timur,2014,16-18,17.5
Jawa Timur,2015,16-18,14.9
Jawa Timur,2016,16-18,13.13
Jawa Timur,2017,16-18,12.92
Jawa Timur,2018,16-18,11.07
Jawa Timur,2019,16-18,9.38
Jawa Timur,2020,16-18,8.55
Jawa Timur,2021,16-18,7.47
Banten,2012,16-18,15.02
Banten,2013,16-18,14.92
Banten,2014,16-18,13.4
Banten,2015,16-18,11.85
Banten,2016,16-18,11.22
Banten,2017,16-18,11.7
Banten,2018,16-18,9.69
Banten,2019,16-18,8.11
Banten,2020,16-18,7.88
Banten,2021,16-18,7.94
Bali,2012,16-18,14.81
Bali,2013,16-18,15.87
Bali,2014,16-18,13.81
Bali,2015,16-18,11.79
Bali,2016,16-18,12.36
Bali,2017,16-18,10.91
Bali,2018,16-18,10.04
Bali,2019,16-18,8.96
Bali,2020,16-18,7.92
Bali,2021,16-18,7.32
Nusa Tenggara Barat,2012,16-18,18.24
Nusa Tenggara Barat,2013,16-18,19.35
Nusa Tenggara Barat,2014,16-18,19.62
Nusa Tenggara Barat,2015,16-18,16.91
Nusa Tenggara Barat,2016,16-18,16.59
Nusa Tenggara Barat,2017,16-18,16.2
Nusa Tenggara Barat,2018,16-18,15.89
Nusa Tenggara Barat,2019,16-18,12.24
Nusa Tenggara Barat,2020,16-18,11.07
Nusa Tenggara Barat,2021,16-18,9.35
Nusa Tenggara Timur,2012,16-18,15.19
Nusa Tenggara Timur,2013,16-18,14.54
Nusa Tenggara Timur,2014,16-18,14
Nusa Tenggara Timur,2015,16-18,12.51
Nusa Tenggara Timur,2016,16-18,12.97
Nusa Tenggara Timur,2017,16-18,14.32
Nusa Tenggara Timur,2018,16-18,13.08
Nusa Tenggara Timur,2019,16-18,12.01
Nusa Tenggara Timur,2020,16-18,12.11
Nusa Tenggara Timur,2021,16-18,11.41
Kalimantan Barat,2012,16-18,18.96
Kalimantan Barat,2013,16-18,17.62
Kalimantan Barat,2014,16-18,15.25
Kalimantan Barat,2015,16-18,13.43
Kalimantan Barat,2016,16-18,13.58
Kalimantan Barat,2017,16-18,14.32
Kalimantan Barat,2018,16-18,13.42
Kalimantan Barat,2019,16-18,10.97
Kalimantan Barat,2020,16-18,10.34
Kalimantan Barat,2021,16-18,9.07
Kalimantan Tengah,2012,16-18,14.76
Kalimantan Tengah,2013,16-18,17.19
Kalimantan Tengah,2014,16-18,13.54
Kalimantan Tengah,2015,16-18,14.46
Kalimantan Tengah,2016,16-18,12.77
Kalimantan Tengah,2017,16-18,12.25
Kalimantan Tengah,2018,16-18,11.85
Kalimantan Tengah,2019,16-18,9.85
Kalimantan Tengah,2020,16-18,9.41
Kalimantan Tengah,2021,16-18,8.66
Kalimantan Selatan,2012,16-18,17
Kalimantan Selatan,2013,16-18,18.16
Kalimantan Selatan,2014,16-18,16.79
Kalimantan Selatan,2015,16-18,14.04
Kalimantan Selatan,2016,16-18,13.28
Kalimantan Selatan,2017,16-18,12.81
Kalimantan Selatan,2018,16-18,11.74
Kalimantan Selatan,2019,16-18,9.4
Kalimantan Selatan,2020,16-18,9.37
Kalimantan Selatan,2021,16-18,7.94
Kalimantan Timur,2012,16-18,12.85
Kalimantan Timur,2013,16-18,14.76
Kalimantan Timur,2014,16-18,13.33
Kalimantan Timur,2015,16-18,10.64
Kalimantan Timur,2016,16-18,10.59
Kalimantan Timur,2017,16-18,9.96
Kalimantan Timur,2018,16-18,9.44
Kalimantan Timur,2019,16-18,8.43
Kalimantan Timur,2020,16-18,7.33
Kalimantan Timur,2021,16-18,7.17
Kalimantan Utara,2012,16-18,0
Kalimantan Utara,2013,16-18,0
Kalimantan Utara,2014,16-18,0
Kalimantan Utara,2015,16-18,12.76
Kalimantan Utara,2016,16-18,11.45
Kalimantan Utara,2017,16-18,11.72
Kalimantan Utara,2018,16-18,10.76
Kalimantan Utara,2019,16-18,8.72
Kalimantan Utara,2020,16-18,8.28
Kalimantan Utara,2021,16-18,6.98
Sulawesi Utara,2012,16-18,15.75
Sulawesi Utara,2013,16-18,14.9
Sulawesi Utara,2014,16-18,14.32
Sulawesi Utara,2015,16-18,11.75
Sulawesi Utara,2016,16-18,10.99
Sulawesi Utara,2017,16-18,10.25
Sulawesi Utara,2018,16-18,9.81
Sulawesi Utara,2019,16-18,9.17
Sulawesi Utara,2020,16-18,9.12
Sulawesi Utara,2021,16-18,7.87
Sulawesi Tengah,2012,16-18,17.19
Sulawesi Tengah,2013,16-18,14.82
Sulawesi Tengah,2014,16-18,14.67
Sulawesi Tengah,2015,16-18,13.89
Sulawesi Tengah,2016,16-18,15.46
Sulawesi Tengah,2017,16-18,14.72
Sulawesi Tengah,2018,16-18,12.62
Sulawesi Tengah,2019,16-18,11.47
Sulawesi Tengah,2020,16-18,10.78
Sulawesi Tengah,2021,16-18,10.54
Sulawesi Selatan,2012,16-18,17.44
Sulawesi Selatan,2013,16-18,19.03
Sulawesi Selatan,2014,16-18,18.76
Sulawesi Selatan,2015,16-18,15.19
Sulawesi Selatan,2016,16-18,14.42
Sulawesi Selatan,2017,16-18,14.62
Sulawesi Selatan,2018,16-18,12.95
Sulawesi Selatan,2019,16-18,11.52
Sulawesi Selatan,2020,16-18,10.43
Sulawesi Selatan,2021,16-18,8.95
Sulawesi Tenggara,2012,16-18,16.82
Sulawesi Tenggara,2013,16-18,16.41
Sulawesi Tenggara,2014,16-18,15.16
Sulawesi Tenggara,2015,16-18,14.4
Sulawesi Tenggara,2016,16-18,15.24
Sulawesi Tenggara,2017,16-18,15.95
Sulawesi Tenggara,2018,16-18,14.18
Sulawesi Tenggara,2019,16-18,12.1
Sulawesi Tenggara,2020,16-18,11.09
Sulawesi Tenggara,2021,16-18,9.96
Gorontalo,2012,16-18,20.36
Gorontalo,2013,16-18,21.1
Gorontalo,2014,16-18,16.92
Gorontalo,2015,16-18,15.47
Gorontalo,2016,16-18,15
Gorontalo,2017,16-18,14.46
Gorontalo,2018,16-18,12.73
Gorontalo,2019,16-18,10.59
Gorontalo,2020,16-18,10.51
Gorontalo,2021,16-18,9.65
Sulawesi Barat,2012,16-18,20.8
Sulawesi Barat,2013,16-18,20.37
Sulawesi Barat,2014,16-18,16.8
Sulawesi Barat,2015,16-18,17.74
Sulawesi Barat,2016,16-18,16.07
Sulawesi Barat,2017,16-18,18.14
Sulawesi Barat,2018,16-18,13.81
Sulawesi Barat,2019,16-18,13.81
Sulawesi Barat,2020,16-18,13.51
Sulawesi Barat,2021,16-18,11.53
Maluku,2012,16-18,15.8
Maluku,2013,16-18,16.05
Maluku,2014,16-18,15.55
Maluku,2015,16-18,12.71
Maluku,2016,16-18,13.67
Maluku,2017,16-18,14.68
Maluku,2018,16-18,12.1
Maluku,2019,16-18,10.69
Maluku,2020,16-18,10.72
Maluku,2021,16-18,9.81
Maluku Utara,2012,16-18,16.26
Maluku Utara,2013,16-18,18.02
Maluku Utara,2014,16-18,14.66
Maluku Utara,2015,16-18,12.89
Maluku Utara,2016,16-18,10.81
Maluku Utara,2017,16-18,11.21
Maluku Utara,2018,16-18,12.99
Maluku Utara,2019,16-18,10.36
Maluku Utara,2020,16-18,10.86
Maluku Utara,2021,16-18,9.94
Papua Barat,2012,16-18,14.41
Papua Barat,2013,16-18,14.56
Papua Barat,2014,16-18,12.44
Papua Barat,2015,16-18,11.44
Papua Barat,2016,16-18,12.5
Papua Barat,2017,16-18,11.69
Papua Barat,2018,16-18,10.01
Papua Barat,2019,16-18,8.55
Papua Barat,2020,16-18,8.1
Papua Barat,2021,16-18,8.24
Papua,2012,16-18,12.42
Papua,2013,16-18,12.82
Papua,2014,16-18,11.96
Papua,2015,16-18,11.05
Papua,2016,16-18,10.36
Papua,2017,16-18,9.34
Papua,2018,16-18,8.9
Papua,2019,16-18,7.6
Papua,2020,16-18,7.69
Papua,2021,16-18,8.16
Indonesia,2012,16-18,17.25
Indonesia,2013,16-18,17.5
Indonesia,2014,16-18,15.95
Indonesia,2015,16-18,13.64
Indonesia,2016,16-18,12.99
Indonesia,2017,16-18,12.74
Indonesia,2018,16-18,11.21
Indonesia,2019,16-18,9.66
Indonesia,2020,16-18,8.83
Indonesia,2021,16-18,8.12
Aceh,2012,13-15,7.33
Aceh,2013,13-15,5.71
Aceh,2014,13-15,5.98
Aceh,2015,13-15,7.27
Aceh,2016,13-15,7.31
Aceh,2017,13-15,6.81
Aceh,2018,13-15,6.7
Aceh,2019,13-15,6.04
Aceh,2020,13-15,6.36
Aceh,2021,13-15,7.19
Sumatera Utara,2012,13-15,16.34
Sumatera Utara,2013,13-15,15.22
Sumatera Utara,2014,13-15,14.79
Sumatera Utara,2015,13-15,13.57
Sumatera Utara,2016,13-15,12.56
Sumatera Utara,2017,13-15,11.83
Sumatera Utara,2018,13-15,10.54
Sumatera Utara,2019,13-15,9.3
Sumatera Utara,2020,13-15,8.61
Sumatera Utara,2021,13-15,8.66
Sumatera Barat,2012,13-15,15.09
Sumatera Barat,2013,13-15,13.34
Sumatera Barat,2014,13-15,14.26
Sumatera Barat,2015,13-15,13.18
Sumatera Barat,2016,13-15,11.45
Sumatera Barat,2017,13-15,10.81
Sumatera Barat,2018,13-15,9.76
Sumatera Barat,2019,13-15,9.16
Sumatera Barat,2020,13-15,8.05
Sumatera Barat,2021,13-15,8.28
Riau,2012,13-15,13.43
Riau,2013,13-15,10.77
Riau,2014,13-15,11.21
Riau,2015,13-15,10.72
Riau,2016,13-15,10.37
Riau,2017,13-15,9.9
Riau,2018,13-15,8.8
Riau,2019,13-15,7.87
Riau,2020,13-15,7.15
Riau,2021,13-15,8.14
Jambi,2012,13-15,12.15
Jambi,2013,13-15,12.24
Jambi,2014,13-15,12.34
Jambi,2015,13-15,12.79
Jambi,2016,13-15,11.34
Jambi,2017,13-15,11.09
Jambi,2018,13-15,9.92
Jambi,2019,13-15,8.83
Jambi,2020,13-15,8.06
Jambi,2021,13-15,7.22
Sumatera Selatan,2012,13-15,13.39
Sumatera Selatan,2013,13-15,11.86
Sumatera Selatan,2014,13-15,12.65
Sumatera Selatan,2015,13-15,11.95
Sumatera Selatan,2016,13-15,11.14
Sumatera Selatan,2017,13-15,10.19
Sumatera Selatan,2018,13-15,10.55
Sumatera Selatan,2019,13-15,9.62
Sumatera Selatan,2020,13-15,8.49
Sumatera Selatan,2021,13-15,8.34
Bengkulu,2012,13-15,13.79
Bengkulu,2013,13-15,12.53
Bengkulu,2014,13-15,11.48
Bengkulu,2015,13-15,12.83
Bengkulu,2016,13-15,10.95
Bengkulu,2017,13-15,10.18
Bengkulu,2018,13-15,9.36
Bengkulu,2019,13-15,9.09
Bengkulu,2020,13-15,8.59
Bengkulu,2021,13-15,8.26
Lampung,2012,13-15,16.37
Lampung,2013,13-15,14.87
Lampung,2014,13-15,14.82
Lampung,2015,13-15,13.19
Lampung,2016,13-15,11.23
Lampung,2017,13-15,11.27
Lampung,2018,13-15,10.33
Lampung,2019,13-15,8.94
Lampung,2020,13-15,8.31
Lampung,2021,13-15,7.71
Kep. Bangka Belitung,2012,13-15,14.15
Kep. Bangka Belitung,2013,13-15,12.35
Kep. Bangka Belitung,2014,13-15,12.99
Kep. Bangka Belitung,2015,13-15,11.44
Kep. Bangka Belitung,2016,13-15,12.07
Kep. Bangka Belitung,2017,13-15,10.02
Kep. Bangka Belitung,2018,13-15,9.97
Kep. Bangka Belitung,2019,13-15,9.06
Kep. Bangka Belitung,2020,13-15,8.17
Kep. Bangka Belitung,2021,13-15,7.42
Kep. Riau,2012,13-15,8.07
Kep. Riau,2013,13-15,8.15
Kep. Riau,2014,13-15,8.57
Kep. Riau,2015,13-15,8.44
Kep. Riau,2016,13-15,8.17
Kep. Riau,2017,13-15,8.33
Kep. Riau,2018,13-15,7.8
Kep. Riau,2019,13-15,5.76
Kep. Riau,2020,13-15,5.83
Kep. Riau,2021,13-15,5.89
DKI Jakarta,2012,13-15,9.82
DKI Jakarta,2013,13-15,9.01
DKI Jakarta,2014,13-15,8.71
DKI Jakarta,2015,13-15,7.41
DKI Jakarta,2016,13-15,6.41
DKI Jakarta,2017,13-15,5.66
DKI Jakarta,2018,13-15,5.39
DKI Jakarta,2019,13-15,4.88
DKI Jakarta,2020,13-15,4.88
DKI Jakarta,2021,13-15,5.01
Jawa Barat,2012,13-15,14.32
Jawa Barat,2013,13-15,13.59
Jawa Barat,2014,13-15,13.31
Jawa Barat,2015,13-15,12.36
Jawa Barat,2016,13-15,10.68
Jawa Barat,2017,13-15,9.99
Jawa Barat,2018,13-15,8.7
Jawa Barat,2019,13-15,7.39
Jawa Barat,2020,13-15,7.38
Jawa Barat,2021,13-15,7.11
Jawa Tengah,2012,13-15,18.81
Jawa Tengah,2013,13-15,17.18
Jawa Tengah,2014,13-15,17.41
Jawa Tengah,2015,13-15,16.28
Jawa Tengah,2016,13-15,14.05
Jawa Tengah,2017,13-15,11.43
Jawa Tengah,2018,13-15,9.76
Jawa Tengah,2019,13-15,8.68
Jawa Tengah,2020,13-15,7.78
Jawa Tengah,2021,13-15,7.45
DI Yogyakarta,2012,13-15,11.48
DI Yogyakarta,2013,13-15,10.25
DI Yogyakarta,2014,13-15,10.57
DI Yogyakarta,2015,13-15,10.38
DI Yogyakarta,2016,13-15,8.18
DI Yogyakarta,2017,13-15,7.73
DI Yogyakarta,2018,13-15,6.31
DI Yogyakarta,2019,13-15,5.94
DI Yogyakarta,2020,13-15,5.38
DI Yogyakarta,2021,13-15,5.41
Jawa Timur,2012,13-15,17.31
Jawa Timur,2013,13-15,15.7
Jawa Timur,2014,13-15,15.11
Jawa Timur,2015,13-15,14.07
Jawa Timur,2016,13-15,12.23
Jawa Timur,2017,13-15,10.21
Jawa Timur,2018,13-15,9
Jawa Timur,2019,13-15,7.94
Jawa Timur,2020,13-15,7.15
Jawa Timur,2021,13-15,6.53
Banten,2012,13-15,12.63
Banten,2013,13-15,10.28
Banten,2014,13-15,10.95
Banten,2015,13-15,9.6
Banten,2016,13-15,8.88
Banten,2017,13-15,8.53
Banten,2018,13-15,7.51
Banten,2019,13-15,7.08
Banten,2020,13-15,7.09
Banten,2021,13-15,6.51
Bali,2012,13-15,13.09
Bali,2013,13-15,11.46
Bali,2014,13-15,12.34
Bali,2015,13-15,12.24
Bali,2016,13-15,10.43
Bali,2017,13-15,9.75
Bali,2018,13-15,8
Bali,2019,13-15,7.89
Bali,2020,13-15,7.77
Bali,2021,13-15,6.48
Nusa Tenggara Barat,2012,13-15,10.13
Nusa Tenggara Barat,2013,13-15,9.45
Nusa Tenggara Barat,2014,13-15,10.21
Nusa Tenggara Barat,2015,13-15,10.14
Nusa Tenggara Barat,2016,13-15,9.23
Nusa Tenggara Barat,2017,13-15,9.61
Nusa Tenggara Barat,2018,13-15,9.28
Nusa Tenggara Barat,2019,13-15,9.75
Nusa Tenggara Barat,2020,13-15,9.02
Nusa Tenggara Barat,2021,13-15,8.45
Nusa Tenggara Timur,2012,13-15,8.7
Nusa Tenggara Timur,2013,13-15,8.11
Nusa Tenggara Timur,2014,13-15,8.24
Nusa Tenggara Timur,2015,13-15,7.67
Nusa Tenggara Timur,2016,13-15,7.01
Nusa Tenggara Timur,2017,13-15,7.84
Nusa Tenggara Timur,2018,13-15,7.23
Nusa Tenggara Timur,2019,13-15,7.08
Nusa Tenggara Timur,2020,13-15,7.35
Nusa Tenggara Timur,2021,13-15,8.59
Kalimantan Barat,2012,13-15,13.7
Kalimantan Barat,2013,13-15,13.73
Kalimantan Barat,2014,13-15,13.2
Kalimantan Barat,2015,13-15,10.83
Kalimantan Barat,2016,13-15,10.63
Kalimantan Barat,2017,13-15,9.74
Kalimantan Barat,2018,13-15,8.39
Kalimantan Barat,2019,13-15,8.42
Kalimantan Barat,2020,13-15,7.94
Kalimantan Barat,2021,13-15,8.31
Kalimantan Tengah,2012,13-15,11.6
Kalimantan Tengah,2013,13-15,13.49
Kalimantan Tengah,2014,13-15,13.18
Kalimantan Tengah,2015,13-15,11.17
Kalimantan Tengah,2016,13-15,10.28
Kalimantan Tengah,2017,13-15,10.2
Kalimantan Tengah,2018,13-15,9.01
Kalimantan Tengah,2019,13-15,7.86
Kalimantan Tengah,2020,13-15,6.92
Kalimantan Tengah,2021,13-15,7.3
Kalimantan Selatan,2012,13-15,14.1
Kalimantan Selatan,2013,13-15,11.64
Kalimantan Selatan,2014,13-15,12.38
Kalimantan Selatan,2015,13-15,12.78
Kalimantan Selatan,2016,13-15,11.58
Kalimantan Selatan,2017,13-15,11.02
Kalimantan Selatan,2018,13-15,9.2
Kalimantan Selatan,2019,13-15,8.71
Kalimantan Selatan,2020,13-15,8.06
Kalimantan Selatan,2021,13-15,7.59
Kalimantan Timur,2012,13-15,10.97
Kalimantan Timur,2013,13-15,12.26
Kalimantan Timur,2014,13-15,11.6
Kalimantan Timur,2015,13-15,10.52
Kalimantan Timur,2016,13-15,8.6
Kalimantan Timur,2017,13-15,8.64
Kalimantan Timur,2018,13-15,7.14
Kalimantan Timur,2019,13-15,6.61
Kalimantan Timur,2020,13-15,6.29
Kalimantan Timur,2021,13-15,6.39
Kalimantan Utara,2012,13-15,0
Kalimantan Utara,2013,13-15,0
Kalimantan Utara,2014,13-15,0
Kalimantan Utara,2015,13-15,10.82
Kalimantan Utara,2016,13-15,10.21
Kalimantan Utara,2017,13-15,8.85
Kalimantan Utara,2018,13-15,7.07
Kalimantan Utara,2019,13-15,7.46
Kalimantan Utara,2020,13-15,7.15
Kalimantan Utara,2021,13-15,7.25
Sulawesi Utara,2012,13-15,12.61
Sulawesi Utara,2013,13-15,11.64
Sulawesi Utara,2014,13-15,10.99
Sulawesi Utara,2015,13-15,9.41
Sulawesi Utara,2016,13-15,8.54
Sulawesi Utara,2017,13-15,8.95
Sulawesi Utara,2018,13-15,8.32
Sulawesi Utara,2019,13-15,8.47
Sulawesi Utara,2020,13-15,7.66
Sulawesi Utara,2021,13-15,7.42
Sulawesi Tengah,2012,13-15,10.88
Sulawesi Tengah,2013,13-15,12.06
Sulawesi Tengah,2014,13-15,11.19
Sulawesi Tengah,2015,13-15,11.06
Sulawesi Tengah,2016,13-15,9.58
Sulawesi Tengah,2017,13-15,10.14
Sulawesi Tengah,2018,13-15,9.42
Sulawesi Tengah,2019,13-15,8.43
Sulawesi Tengah,2020,13-15,8.31
Sulawesi Tengah,2021,13-15,9.02
Sulawesi Selatan,2012,13-15,13.62
Sulawesi Selatan,2013,13-15,14.79
Sulawesi Selatan,2014,13-15,13.78
Sulawesi Selatan,2015,13-15,12.21
Sulawesi Selatan,2016,13-15,10.93
Sulawesi Selatan,2017,13-15,11
Sulawesi Selatan,2018,13-15,9.87
Sulawesi Selatan,2019,13-15,9.4
Sulawesi Selatan,2020,13-15,8.68
Sulawesi Selatan,2021,13-15,8.27
Sulawesi Tenggara,2012,13-15,12.37
Sulawesi Tenggara,2013,13-15,10.21
Sulawesi Tenggara,2014,13-15,11.53
Sulawesi Tenggara,2015,13-15,10.91
Sulawesi Tenggara,2016,13-15,9.99
Sulawesi Tenggara,2017,13-15,9.84
Sulawesi Tenggara,2018,13-15,9.8
Sulawesi Tenggara,2019,13-15,9.96
Sulawesi Tenggara,2020,13-15,9.26
Sulawesi Tenggara,2021,13-15,9.66
Gorontalo,2012,13-15,12.02
Gorontalo,2013,13-15,12.89
Gorontalo,2014,13-15,11.45
Gorontalo,2015,13-15,11.32
Gorontalo,2016,13-15,11.6
Gorontalo,2017,13-15,10.11
Gorontalo,2018,13-15,10.77
Gorontalo,2019,13-15,9.9
Gorontalo,2020,13-15,9.1
Gorontalo,2021,13-15,9.03
Sulawesi Barat,2012,13-15,10.6
Sulawesi Barat,2013,13-15,10.13
Sulawesi Barat,2014,13-15,10.75
Sulawesi Barat,2015,13-15,10.38
Sulawesi Barat,2016,13-15,10.35
Sulawesi Barat,2017,13-15,10.08
Sulawesi Barat,2018,13-15,9.31
Sulawesi Barat,2019,13-15,9.43
Sulawesi Barat,2020,13-15,9.23
Sulawesi Barat,2021,13-15,9.37
Maluku,2012,13-15,12.73
Maluku,2013,13-15,13.91
Maluku,2014,13-15,10.74
Maluku,2015,13-15,10.43
Maluku,2016,13-15,8.49
Maluku,2017,13-15,10.47
Maluku,2018,13-15,8.61
Maluku,2019,13-15,7.87
Maluku,2020,13-15,7.74
Maluku,2021,13-15,8.04
Maluku Utara,2012,13-15,10.36
Maluku Utara,2013,13-15,8.84
Maluku Utara,2014,13-15,9.78
Maluku Utara,2015,13-15,10.23
Maluku Utara,2016,13-15,8.05
Maluku Utara,2017,13-15,9.02
Maluku Utara,2018,13-15,8.14
Maluku Utara,2019,13-15,7.75
Maluku Utara,2020,13-15,8.35
Maluku Utara,2021,13-15,8.91
Papua Barat,2012,13-15,7.41
Papua Barat,2013,13-15,7.7
Papua Barat,2014,13-15,7.1
Papua Barat,2015,13-15,7.71
Papua Barat,2016,13-15,7.88
Papua Barat,2017,13-15,7.55
Papua Barat,2018,13-15,7.23
Papua Barat,2019,13-15,7.96
Papua Barat,2020,13-15,7.27
Papua Barat,2021,13-15,7.71
Papua,2012,13-15,8
Papua,2013,13-15,8.55
Papua,2014,13-15,7.92
Papua,2015,13-15,7.81
Papua,2016,13-15,7.16
Papua,2017,13-15,6.6
Papua,2018,13-15,6.7
Papua,2019,13-15,6.81
Papua,2020,13-15,5.92
Papua,2021,13-15,6.26
Indonesia,2012,13-15,14.21
Indonesia,2013,13-15,13.16
Indonesia,2014,13-15,13.06
Indonesia,2015,13-15,12.14
Indonesia,2016,13-15,10.72
Indonesia,2017,13-15,9.78
Indonesia,2018,13-15,8.72
Indonesia,2019,13-15,7.86
Indonesia,2020,13-15,7.42
Indonesia,2021,13-15,7.23
Aceh,2012,05--12,2.76
Aceh,2013,05--12,1.79
Aceh,2014,05--12,1.93
Aceh,2015,05--12,2.39
Aceh,2016,05--12,2.77
Aceh,2017,05--12,2.56
Aceh,2018,05--12,3.53
Aceh,2019,05--12,4.13
Aceh,2020,05--12,6.25
Aceh,2021,05--12,8.71
Sumatera Utara,2012,05--12,7.69
Sumatera Utara,2013,05--12,5.94
Sumatera Utara,2014,05--12,6.69
Sumatera Utara,2015,05--12,7.24
Sumatera Utara,2016,05--12,5.98
Sumatera Utara,2017,05--12,5.46
Sumatera Utara,2018,05--12,5.88
Sumatera Utara,2019,05--12,7.93
Sumatera Utara,2020,05--12,10.14
Sumatera Utara,2021,05--12,13.34
Sumatera Barat,2012,05--12,7.09
Sumatera Barat,2013,05--12,6.09
Sumatera Barat,2014,05--12,6.12
Sumatera Barat,2015,05--12,6.63
Sumatera Barat,2016,05--12,5.39
Sumatera Barat,2017,05--12,6.08
Sumatera Barat,2018,05--12,5.55
Sumatera Barat,2019,05--12,6.78
Sumatera Barat,2020,05--12,7.99
Sumatera Barat,2021,05--12,12.26
Riau,2012,05--12,7.05
Riau,2013,05--12,6.16
Riau,2014,05--12,5.34
Riau,2015,05--12,5.97
Riau,2016,05--12,5.57
Riau,2017,05--12,5.25
Riau,2018,05--12,5.9
Riau,2019,05--12,6.44
Riau,2020,05--12,9.58
Riau,2021,05--12,13.77
Jambi,2012,05--12,5.54
Jambi,2013,05--12,3.43
Jambi,2014,05--12,4.09
Jambi,2015,05--12,4.87
Jambi,2016,05--12,4.32
Jambi,2017,05--12,4.81
Jambi,2018,05--12,5.97
Jambi,2019,05--12,8.08
Jambi,2020,05--12,9.21
Jambi,2021,05--12,11.64
Sumatera Selatan,2012,05--12,9.16
Sumatera Selatan,2013,05--12,6.52
Sumatera Selatan,2014,05--12,5.83
Sumatera Selatan,2015,05--12,6.04
Sumatera Selatan,2016,05--12,5.26
Sumatera Selatan,2017,05--12,5.35
Sumatera Selatan,2018,05--12,5.69
Sumatera Selatan,2019,05--12,7.38
Sumatera Selatan,2020,05--12,10.17
Sumatera Selatan,2021,05--12,15.58
Bengkulu,2012,05--12,6.91
Bengkulu,2013,05--12,4.7
Bengkulu,2014,05--12,4.94
Bengkulu,2015,05--12,6.09
Bengkulu,2016,05--12,6.53
Bengkulu,2017,05--12,5.06
Bengkulu,2018,05--12,5.1
Bengkulu,2019,05--12,8.26
Bengkulu,2020,05--12,10.12
Bengkulu,2021,05--12,12.89
Lampung,2012,05--12,5.76
Lampung,2013,05--12,2.52
Lampung,2014,05--12,4.17
Lampung,2015,05--12,4.71
Lampung,2016,05--12,3.53
Lampung,2017,05--12,4.2
Lampung,2018,05--12,5.81
Lampung,2019,05--12,9.03
Lampung,2020,05--12,11.3
Lampung,2021,05--12,16.12
Kep. Bangka Belitung,2012,05--12,5.67
Kep. Bangka Belitung,2013,05--12,4.51
Kep. Bangka Belitung,2014,05--12,3.95
Kep. Bangka Belitung,2015,05--12,5.14
Kep. Bangka Belitung,2016,05--12,4.35
Kep. Bangka Belitung,2017,05--12,5.87
Kep. Bangka Belitung,2018,05--12,5.45
Kep. Bangka Belitung,2019,05--12,7.61
Kep. Bangka Belitung,2020,05--12,9.88
Kep. Bangka Belitung,2021,05--12,15.08
Kep. Riau,2012,05--12,7.04
Kep. Riau,2013,05--12,7.57
Kep. Riau,2014,05--12,6.99
Kep. Riau,2015,05--12,8.46
Kep. Riau,2016,05--12,6.42
Kep. Riau,2017,05--12,6.05
Kep. Riau,2018,05--12,5.32
Kep. Riau,2019,05--12,9.26
Kep. Riau,2020,05--12,7.39
Kep. Riau,2021,05--12,13
DKI Jakarta,2012,05--12,11.8
DKI Jakarta,2013,05--12,6.68
DKI Jakarta,2014,05--12,7.35
DKI Jakarta,2015,05--12,7.85
DKI Jakarta,2016,05--12,6.35
DKI Jakarta,2017,05--12,5.62
DKI Jakarta,2018,05--12,5.96
DKI Jakarta,2019,05--12,7.08
DKI Jakarta,2020,05--12,8.49
DKI Jakarta,2021,05--12,11.16
Jawa Barat,2012,05--12,8.66
Jawa Barat,2013,05--12,5.85
Jawa Barat,2014,05--12,6.25
Jawa Barat,2015,05--12,6.05
Jawa Barat,2016,05--12,5.1
Jawa Barat,2017,05--12,4.72
Jawa Barat,2018,05--12,5.46
Jawa Barat,2019,05--12,7.61
Jawa Barat,2020,05--12,9.11
Jawa Barat,2021,05--12,13.76
Jawa Tengah,2012,05--12,7.21
Jawa Tengah,2013,05--12,4.9
Jawa Tengah,2014,05--12,5.71
Jawa Tengah,2015,05--12,6.23
Jawa Tengah,2016,05--12,5.58
Jawa Tengah,2017,05--12,5.78
Jawa Tengah,2018,05--12,5.98
Jawa Tengah,2019,05--12,8.99
Jawa Tengah,2020,05--12,11.35
Jawa Tengah,2021,05--12,14.61
DI Yogyakarta,2012,05--12,7.31
DI Yogyakarta,2013,05--12,4.42
DI Yogyakarta,2014,05--12,5.44
DI Yogyakarta,2015,05--12,6.55
DI Yogyakarta,2016,05--12,5.44
DI Yogyakarta,2017,05--12,5.84
DI Yogyakarta,2018,05--12,7.45
DI Yogyakarta,2019,05--12,9.07
DI Yogyakarta,2020,05--12,11.07
DI Yogyakarta,2021,05--12,13.29
Jawa Timur,2012,05--12,8.86
Jawa Timur,2013,05--12,6.83
Jawa Timur,2014,05--12,6.89
Jawa Timur,2015,05--12,6.96
Jawa Timur,2016,05--12,6.2
Jawa Timur,2017,05--12,5.52
Jawa Timur,2018,05--12,6.03
Jawa Timur,2019,05--12,8.48
Jawa Timur,2020,05--12,9.77
Jawa Timur,2021,05--12,13.01
Banten,2012,05--12,7.97
Banten,2013,05--12,6.88
Banten,2014,05--12,6.52
Banten,2015,05--12,6.15
Banten,2016,05--12,5.08
Banten,2017,05--12,4.77
Banten,2018,05--12,5.9
Banten,2019,05--12,7.46
Banten,2020,05--12,7.6
Banten,2021,05--12,11.75
Bali,2012,05--12,6.46
Bali,2013,05--12,5.07
Bali,2014,05--12,5.86
Bali,2015,05--12,6.09
Bali,2016,05--12,6.13
Bali,2017,05--12,6.72
Bali,2018,05--12,5.7
Bali,2019,05--12,7.81
Bali,2020,05--12,8.79
Bali,2021,05--12,12.77
Nusa Tenggara Barat,2012,05--12,3.35
Nusa Tenggara Barat,2013,05--12,2.84
Nusa Tenggara Barat,2014,05--12,3.11
Nusa Tenggara Barat,2015,05--12,4.28
Nusa Tenggara Barat,2016,05--12,2.68
Nusa Tenggara Barat,2017,05--12,2.7
Nusa Tenggara Barat,2018,05--12,3.24
Nusa Tenggara Barat,2019,05--12,8.8
Nusa Tenggara Barat,2020,05--12,10.86
Nusa Tenggara Barat,2021,05--12,15.07
Nusa Tenggara Timur,2012,05--12,2.87
Nusa Tenggara Timur,2013,05--12,3.49
Nusa Tenggara Timur,2014,05--12,3.38
Nusa Tenggara Timur,2015,05--12,3.37
Nusa Tenggara Timur,2016,05--12,2.51
Nusa Tenggara Timur,2017,05--12,3.61
Nusa Tenggara Timur,2018,05--12,3.51
Nusa Tenggara Timur,2019,05--12,5.17
Nusa Tenggara Timur,2020,05--12,7.61
Nusa Tenggara Timur,2021,05--12,9.43
Kalimantan Barat,2012,05--12,8.36
Kalimantan Barat,2013,05--12,6.4
Kalimantan Barat,2014,05--12,6.38
Kalimantan Barat,2015,05--12,6.48
Kalimantan Barat,2016,05--12,4.78
Kalimantan Barat,2017,05--12,4.95
Kalimantan Barat,2018,05--12,5.47
Kalimantan Barat,2019,05--12,7.71
Kalimantan Barat,2020,05--12,9.61
Kalimantan Barat,2021,05--12,12.21
Kalimantan Tengah,2012,05--12,7.3
Kalimantan Tengah,2013,05--12,4.39
Kalimantan Tengah,2014,05--12,5.08
Kalimantan Tengah,2015,05--12,5.9
Kalimantan Tengah,2016,05--12,5.83
Kalimantan Tengah,2017,05--12,5.72
Kalimantan Tengah,2018,05--12,6.23
Kalimantan Tengah,2019,05--12,8.82
Kalimantan Tengah,2020,05--12,8.95
Kalimantan Tengah,2021,05--12,12.4
Kalimantan Selatan,2012,05--12,7.96
Kalimantan Selatan,2013,05--12,5.27
Kalimantan Selatan,2014,05--12,6.37
Kalimantan Selatan,2015,05--12,7.25
Kalimantan Selatan,2016,05--12,6.63
Kalimantan Selatan,2017,05--12,7.51
Kalimantan Selatan,2018,05--12,7.05
Kalimantan Selatan,2019,05--12,11.58
Kalimantan Selatan,2020,05--12,12.12
Kalimantan Selatan,2021,05--12,17.41
Kalimantan Timur,2012,05--12,7.88
Kalimantan Timur,2013,05--12,5.33
Kalimantan Timur,2014,05--12,6.73
Kalimantan Timur,2015,05--12,7.16
Kalimantan Timur,2016,05--12,6.59
Kalimantan Timur,2017,05--12,6.17
Kalimantan Timur,2018,05--12,5.73
Kalimantan Timur,2019,05--12,9.02
Kalimantan Timur,2020,05--12,10.64
Kalimantan Timur,2021,05--12,14.04
Kalimantan Utara,2012,05--12,0
Kalimantan Utara,2013,05--12,0
Kalimantan Utara,2014,05--12,0
Kalimantan Utara,2015,05--12,6.48
Kalimantan Utara,2016,05--12,5.5
Kalimantan Utara,2017,05--12,5.44
Kalimantan Utara,2018,05--12,5.71
Kalimantan Utara,2019,05--12,9.49
Kalimantan Utara,2020,05--12,11.52
Kalimantan Utara,2021,05--12,13.88
Sulawesi Utara,2012,05--12,8.84
Sulawesi Utara,2013,05--12,5.1
Sulawesi Utara,2014,05--12,6.06
Sulawesi Utara,2015,05--12,4.95
Sulawesi Utara,2016,05--12,5.25
Sulawesi Utara,2017,05--12,5.54
Sulawesi Utara,2018,05--12,5.09
Sulawesi Utara,2019,05--12,7.25
Sulawesi Utara,2020,05--12,8.17
Sulawesi Utara,2021,05--12,11.12
Sulawesi Tengah,2012,05--12,5.94
Sulawesi Tengah,2013,05--12,5.37
Sulawesi Tengah,2014,05--12,4.9
Sulawesi Tengah,2015,05--12,4.62
Sulawesi Tengah,2016,05--12,4.33
Sulawesi Tengah,2017,05--12,4.24
Sulawesi Tengah,2018,05--12,4.12
Sulawesi Tengah,2019,05--12,6.59
Sulawesi Tengah,2020,05--12,8.81
Sulawesi Tengah,2021,05--12,10.48
Sulawesi Selatan,2012,05--12,7.94
Sulawesi Selatan,2013,05--12,3.68
Sulawesi Selatan,2014,05--12,4.37
Sulawesi Selatan,2015,05--12,5.74
Sulawesi Selatan,2016,05--12,5.3
Sulawesi Selatan,2017,05--12,5.19
Sulawesi Selatan,2018,05--12,5.82
Sulawesi Selatan,2019,05--12,7.21
Sulawesi Selatan,2020,05--12,9.06
Sulawesi Selatan,2021,05--12,13.86
Sulawesi Tenggara,2012,05--12,3.88
Sulawesi Tenggara,2013,05--12,2.34
Sulawesi Tenggara,2014,05--12,3.58
Sulawesi Tenggara,2015,05--12,3.8
Sulawesi Tenggara,2016,05--12,4.17
Sulawesi Tenggara,2017,05--12,3.91
Sulawesi Tenggara,2018,05--12,4.4
Sulawesi Tenggara,2019,05--12,7.31
Sulawesi Tenggara,2020,05--12,8.66
Sulawesi Tenggara,2021,05--12,12.96
Gorontalo,2012,05--12,6.58
Gorontalo,2013,05--12,2.49
Gorontalo,2014,05--12,3.95
Gorontalo,2015,05--12,4.38
Gorontalo,2016,05--12,5.12
Gorontalo,2017,05--12,4.1
Gorontalo,2018,05--12,5.06
Gorontalo,2019,05--12,7.33
Gorontalo,2020,05--12,8.74
Gorontalo,2021,05--12,13.63
Sulawesi Barat,2012,05--12,3.49
Sulawesi Barat,2013,05--12,2.57
Sulawesi Barat,2014,05--12,3.14
Sulawesi Barat,2015,05--12,3.92
Sulawesi Barat,2016,05--12,2.6
Sulawesi Barat,2017,05--12,2.82
Sulawesi Barat,2018,05--12,3.94
Sulawesi Barat,2019,05--12,3.65
Sulawesi Barat,2020,05--12,6.81
Sulawesi Barat,2021,05--12,12.57
Maluku,2012,05--12,6.46
Maluku,2013,05--12,5.1
Maluku,2014,05--12,4.29
Maluku,2015,05--12,6.05
Maluku,2016,05--12,4.01
Maluku,2017,05--12,6.01
Maluku,2018,05--12,4.57
Maluku,2019,05--12,6.66
Maluku,2020,05--12,8.43
Maluku,2021,05--12,11.08
Maluku Utara,2012,05--12,3.16
Maluku Utara,2013,05--12,1.06
Maluku Utara,2014,05--12,1.78
Maluku Utara,2015,05--12,2.92
Maluku Utara,2016,05--12,3.16
Maluku Utara,2017,05--12,3.25
Maluku Utara,2018,05--12,3.67
Maluku Utara,2019,05--12,5.66
Maluku Utara,2020,05--12,7.63
Maluku Utara,2021,05--12,7.95
Papua Barat,2012,05--12,1.7
Papua Barat,2013,05--12,1.33
Papua Barat,2014,05--12,2.26
Papua Barat,2015,05--12,3.18
Papua Barat,2016,05--12,4.01
Papua Barat,2017,05--12,4.02
Papua Barat,2018,05--12,4.56
Papua Barat,2019,05--12,6.88
Papua Barat,2020,05--12,8.35
Papua Barat,2021,05--12,11.79
Papua,2012,05--12,2.86
Papua,2013,05--12,3.15
Papua,2014,05--12,3.06
Papua,2015,05--12,4.39
Papua,2016,05--12,3.56
Papua,2017,05--12,3.72
Papua,2018,05--12,4.36
Papua,2019,05--12,5.84
Papua,2020,05--12,6.57
Papua,2021,05--12,8.96
Indonesia,2012,05--12,8.1
Indonesia,2013,05--12,5.62
Indonesia,2014,05--12,6.01
Indonesia,2015,05--12,6.29
Indonesia,2016,05--12,5.42
Indonesia,2017,05--12,5.22
Indonesia,2018,05--12,5.69
Indonesia,2019,05--12,7.93
Indonesia,2020,05--12,9.55
Indonesia,2021,05--12,13.32
